[
  {
    "productId": 1,
    "productName": "Leaf Rake",
    "productCode": "GDN-0011",
    "availabilityDate": "March 19, 2019",
    "description": "Leaf rake with 48-inch wooden handle.",
    "price": 19.95,
    "starRating": 3,
    "productImage": "LeafRake_image"
  },
  {
    "productId": 2,
    "productName": "Garden Cart",
    "productCode": "GDN-0023",
    "availabilityDate": "March 18, 2019",
    "description": "15 gallon capacity rolling garden cart",
    "price": 32.99,
    "starRating": 4,
    "productImage": "GardenCart_image"
  },
  {
    "productId": 5,
    "productName": "Hammer",
    "productCode": "TBX-0048",
    "availabilityDate": "May 21, 2019",
    "description": "Curved claw steel hammer",
    "price": 8.9,
    "starRating": 5,
    "productImage": "Hammer_image"
  },
  {
    "productId": 8,
    "productName": "Saw",
    "productCode": "TBX-0022",
    "availabilityDate": "May 15, 2019",
    "description": "15-inch steel blade hand saw",
    "price": 11.55,
    "starRating": 3,
    "productImage": "Saw_image"
  }
]